"trainer/global_step","Group: bpe-conversion - _step","Group: bpe-conversion - _step__MIN","Group: bpe-conversion - _step__MAX","Group: bpe-conversion - validation/loss_epoch","Group: bpe-conversion - validation/loss_epoch__MIN","Group: bpe-conversion - validation/loss_epoch__MAX","Group: bpe-2 - _step","Group: bpe-2 - _step__MIN","Group: bpe-2 - _step__MAX","Group: bpe-2 - validation/loss_epoch","Group: bpe-2 - validation/loss_epoch__MIN","Group: bpe-2 - validation/loss_epoch__MAX","Group: bpe-knockout-2 - _step","Group: bpe-knockout-2 - _step__MIN","Group: bpe-knockout-2 - _step__MAX","Group: bpe-knockout-2 - validation/loss_epoch","Group: bpe-knockout-2 - validation/loss_epoch__MIN","Group: bpe-knockout-2 - validation/loss_epoch__MAX"
"93","","","","","","","3893","3893","3893","8.8032808303833","8.8032808303833","8.8032808303833","3893","3893","3893","7.297901153564453","7.297901153564453","7.297901153564453"
"187","","","","","","","7788","7788","7788","7.465775489807129","7.465775489807129","7.465775489807129","7788","7788","7788","6.777677536010742","6.777677536010742","6.777677536010742"
"281","","","","","","","11683","11683","11683","7.04359769821167","7.04359769821167","7.04359769821167","11683","11683","11683","6.549995422363281","6.549995422363281","6.549995422363281"
"374","","","","","","","15578","15578","15578","6.808318614959717","6.808318614959717","6.808318614959717","15578","15578","15578","6.3701019287109375","6.3701019287109375","6.3701019287109375"
"468","","","","","","","19472","19472","19472","6.604983329772949","6.604983329772949","6.604983329772949","19472","19472","19472","6.2148895263671875","6.2148895263671875","6.2148895263671875"
"562","","","","","","","23367","23367","23367","6.4132771492004395","6.4132771492004395","6.4132771492004395","23367","23367","23367","6.056208610534668","6.056208610534668","6.056208610534668"
"656","","","","","","","27262","27262","27262","6.2149577140808105","6.2149577140808105","6.2149577140808105","27262","27262","27262","5.859554290771484","5.859554290771484","5.859554290771484"
"749","","","","","","","31157","31157","31157","5.910552024841309","5.910552024841309","5.910552024841309","31157","31157","31157","5.6476850509643555","5.6476850509643555","5.6476850509643555"
"843","","","","","","","35051","35051","35051","5.468071937561035","5.468071937561035","5.468071937561035","35051","35051","35051","5.361629962921143","5.361629962921143","5.361629962921143"
"937","","","","","","","38946","38946","38946","5.114161491394043","5.114161491394043","5.114161491394043","38946","38946","38946","4.964917182922363","4.964917182922363","4.964917182922363"
"1031","","","","","","","42841","42841","42841","4.86989688873291","4.86989688873291","4.86989688873291","42841","42841","42841","4.580637454986572","4.580637454986572","4.580637454986572"
"1124","","","","","","","46736","46736","46736","4.6794257164001465","4.6794257164001465","4.6794257164001465","46736","46736","46736","4.333308696746826","4.333308696746826","4.333308696746826"
"1218","","","","","","","50630","50630","50630","4.514946937561035","4.514946937561035","4.514946937561035","50630","50630","50630","4.136054039001465","4.136054039001465","4.136054039001465"
"1312","","","","","","","54525","54525","54525","4.372380256652832","4.372380256652832","4.372380256652832","54525","54525","54525","3.9908857345581055","3.9908857345581055","3.9908857345581055"
"1406","","","","","","","58420","58420","58420","4.236450672149658","4.236450672149658","4.236450672149658","58420","58420","58420","3.8468966484069824","3.8468966484069824","3.8468966484069824"
"1499","","","","","","","62315","62315","62315","4.117798328399658","4.117798328399658","4.117798328399658","62315","62315","62315","3.7185726165771484","3.7185726165771484","3.7185726165771484"
"1593","","","","","","","66209","66209","66209","3.9935593605041504","3.9935593605041504","3.9935593605041504","66209","66209","66209","3.5919723510742188","3.5919723510742188","3.5919723510742188"
"1687","","","","","","","70104","70104","70104","3.8875789642333984","3.8875789642333984","3.8875789642333984","70104","70104","70104","3.489297866821289","3.489297866821289","3.489297866821289"
"1781","","","","","","","73999","73999","73999","3.7811946868896484","3.7811946868896484","3.7811946868896484","73999","73999","73999","3.3925185203552246","3.3925185203552246","3.3925185203552246"
"1874","","","","","","","77894","77894","77894","3.6933114528656006","3.6933114528656006","3.6933114528656006","77894","77894","77894","3.31577730178833","3.31577730178833","3.31577730178833"
"1968","","","","","","","81788","81788","81788","3.6099565029144287","3.6099565029144287","3.6099565029144287","81788","81788","81788","3.2459001541137695","3.2459001541137695","3.2459001541137695"
"2062","","","","","","","85683","85683","85683","3.538670539855957","3.538670539855957","3.538670539855957","85683","85683","85683","3.1804027557373047","3.1804027557373047","3.1804027557373047"
"2156","","","","","","","89578","89578","89578","3.4768447875976562","3.4768447875976562","3.4768447875976562","89578","89578","89578","3.1270735263824463","3.1270735263824463","3.1270735263824463"
"2249","","","","","","","93473","93473","93473","3.4052822589874268","3.4052822589874268","3.4052822589874268","93473","93473","93473","3.058544874191284","3.058544874191284","3.058544874191284"
"2343","","","","","","","97367","97367","97367","3.3529410362243652","3.3529410362243652","3.3529410362243652","97367","97367","97367","3.0171115398406982","3.0171115398406982","3.0171115398406982"
"2437","","","","","","","101262","101262","101262","3.2880218029022217","3.2880218029022217","3.2880218029022217","101262","101262","101262","2.9700188636779785","2.9700188636779785","2.9700188636779785"
"2531","","","","","","","105157","105157","105157","3.2526423931121826","3.2526423931121826","3.2526423931121826","105157","105157","105157","2.9302451610565186","2.9302451610565186","2.9302451610565186"
"2624","","","","","","","109052","109052","109052","3.2027177810668945","3.2027177810668945","3.2027177810668945","109052","109052","109052","2.89518141746521","2.89518141746521","2.89518141746521"
"2718","","","","","","","112946","112946","112946","3.156921625137329","3.156921625137329","3.156921625137329","112946","112946","112946","2.8559038639068604","2.8559038639068604","2.8559038639068604"
"2812","","","","","","","116841","116841","116841","3.116011142730713","3.116011142730713","3.116011142730713","116841","116841","116841","2.823068141937256","2.823068141937256","2.823068141937256"
"2906","","","","","","","120736","120736","120736","3.0810089111328125","3.0810089111328125","3.0810089111328125","120736","120736","120736","2.794868230819702","2.794868230819702","2.794868230819702"
"2999","","","","","","","124631","124631","124631","3.043785810470581","3.043785810470581","3.043785810470581","124631","124631","124631","2.769012212753296","2.769012212753296","2.769012212753296"
"3093","","","","","","","128525","128525","128525","3.008688449859619","3.008688449859619","3.008688449859619","128525","128525","128525","2.7262628078460693","2.7262628078460693","2.7262628078460693"
"3187","","","","","","","132420","132420","132420","2.9758310317993164","2.9758310317993164","2.9758310317993164","132420","132420","132420","2.6944520473480225","2.6944520473480225","2.6944520473480225"
"3281","","","","","","","136315","136315","136315","2.9402451515197754","2.9402451515197754","2.9402451515197754","136315","136315","136315","2.666729688644409","2.666729688644409","2.666729688644409"
"3374","","","","","","","140210","140210","140210","2.914025068283081","2.914025068283081","2.914025068283081","140210","140210","140210","2.651442766189575","2.651442766189575","2.651442766189575"
"3468","","","","","","","144104","144104","144104","2.871185064315796","2.871185064315796","2.871185064315796","144104","144104","144104","2.6326403617858887","2.6326403617858887","2.6326403617858887"
"3562","","","","","","","147999","147999","147999","2.849943161010742","2.849943161010742","2.849943161010742","147999","147999","147999","2.5998032093048096","2.5998032093048096","2.5998032093048096"
"3656","","","","","","","151894","151894","151894","2.8289976119995117","2.8289976119995117","2.8289976119995117","151894","151894","151894","2.585646152496338","2.585646152496338","2.585646152496338"
"3749","","","","","","","155789","155789","155789","2.8000903129577637","2.8000903129577637","2.8000903129577637","155789","155789","155789","2.5603842735290527","2.5603842735290527","2.5603842735290527"
"3843","","","","","","","159683","159683","159683","2.778456449508667","2.778456449508667","2.778456449508667","159683","159683","159683","2.5387215614318848","2.5387215614318848","2.5387215614318848"
"3937","","","","","","","163578","163578","163578","2.755526304244995","2.755526304244995","2.755526304244995","163578","163578","163578","2.5167088508605957","2.5167088508605957","2.5167088508605957"
"4031","","","","","","","167473","167473","167473","2.73732852935791","2.73732852935791","2.73732852935791","167473","167473","167473","2.4968996047973633","2.4968996047973633","2.4968996047973633"
"4124","","","","","","","171368","171368","171368","2.7135331630706787","2.7135331630706787","2.7135331630706787","171368","171368","171368","2.490971803665161","2.490971803665161","2.490971803665161"
"4218","","","","","","","175262","175262","175262","2.684697389602661","2.684697389602661","2.684697389602661","175262","175262","175262","2.4542136192321777","2.4542136192321777","2.4542136192321777"
"4312","","","","","","","179157","179157","179157","2.661264181137085","2.661264181137085","2.661264181137085","179157","179157","179157","2.4405558109283447","2.4405558109283447","2.4405558109283447"
"4406","","","","","","","183052","183052","183052","2.6468889713287354","2.6468889713287354","2.6468889713287354","183052","183052","183052","2.428694486618042","2.428694486618042","2.428694486618042"
"4499","","","","","","","186947","186947","186947","2.6274704933166504","2.6274704933166504","2.6274704933166504","186947","186947","186947","2.411048173904419","2.411048173904419","2.411048173904419"
"4593","","","","","","","190841","190841","190841","2.6063358783721924","2.6063358783721924","2.6063358783721924","190841","190841","190841","2.403569221496582","2.403569221496582","2.403569221496582"
"4687","","","","","","","194736","194736","194736","2.5925447940826416","2.5925447940826416","2.5925447940826416","194736","194736","194736","2.3880555629730225","2.3880555629730225","2.3880555629730225"
"4781","","","","","","","198631","198631","198631","2.5717437267303467","2.5717437267303467","2.5717437267303467","198631","198631","198631","2.3708298206329346","2.3708298206329346","2.3708298206329346"
"4874","","","","","","","202526","202526","202526","2.5600314140319824","2.5600314140319824","2.5600314140319824","202526","202526","202526","2.360004186630249","2.360004186630249","2.360004186630249"
"4968","","","","","","","206420","206420","206420","2.54465389251709","2.54465389251709","2.54465389251709","206420","206420","206420","2.340667486190796","2.340667486190796","2.340667486190796"
"5062","","","","","","","210315","210315","210315","2.51946759223938","2.51946759223938","2.51946759223938","210315","210315","210315","2.325617551803589","2.325617551803589","2.325617551803589"
"5156","","","","","","","214210","214210","214210","2.5049495697021484","2.5049495697021484","2.5049495697021484","214210","214210","214210","2.314082384109497","2.314082384109497","2.314082384109497"
"5249","","","","","","","218105","218105","218105","2.499056577682495","2.499056577682495","2.499056577682495","218105","218105","218105","2.289398431777954","2.289398431777954","2.289398431777954"
"5343","","","","","","","221999","221999","221999","2.4771554470062256","2.4771554470062256","2.4771554470062256","221999","221999","221999","2.2879581451416016","2.2879581451416016","2.2879581451416016"
"5437","","","","","","","225894","225894","225894","2.4661033153533936","2.4661033153533936","2.4661033153533936","225894","225894","225894","2.278046131134033","2.278046131134033","2.278046131134033"
"5531","","","","","","","229789","229789","229789","2.447004795074463","2.447004795074463","2.447004795074463","229789","229789","229789","2.265615701675415","2.265615701675415","2.265615701675415"
"5624","","","","","","","233684","233684","233684","2.4402740001678467","2.4402740001678467","2.4402740001678467","233684","233684","233684","2.2500526905059814","2.2500526905059814","2.2500526905059814"
"5718","","","","","","","237578","237578","237578","2.4271154403686523","2.4271154403686523","2.4271154403686523","237578","237578","237578","2.240877866744995","2.240877866744995","2.240877866744995"
"5812","","","","","","","241473","241473","241473","2.4137940406799316","2.4137940406799316","2.4137940406799316","241473","241473","241473","2.2286651134490967","2.2286651134490967","2.2286651134490967"
"5906","","","","","","","245368","245368","245368","2.3947207927703857","2.3947207927703857","2.3947207927703857","245368","245368","245368","2.2253010272979736","2.2253010272979736","2.2253010272979736"
"5999","","","","","","","249263","249263","249263","2.3879222869873047","2.3879222869873047","2.3879222869873047","249263","249263","249263","2.211670398712158","2.211670398712158","2.211670398712158"
"6093","","","","","","","253157","253157","253157","2.381704330444336","2.381704330444336","2.381704330444336","253157","253157","253157","2.2041358947753906","2.2041358947753906","2.2041358947753906"
"6187","","","","","","","257052","257052","257052","2.3638858795166016","2.3638858795166016","2.3638858795166016","257052","257052","257052","2.190403461456299","2.190403461456299","2.190403461456299"
"6281","","","","","","","260947","260947","260947","2.3498873710632324","2.3498873710632324","2.3498873710632324","260947","260947","260947","2.185885429382324","2.185885429382324","2.185885429382324"
"6374","","","","","","","264842","264842","264842","2.34631609916687","2.34631609916687","2.34631609916687","264842","264842","264842","2.1765987873077393","2.1765987873077393","2.1765987873077393"
"6468","","","","","","","268736","268736","268736","2.331530809402466","2.331530809402466","2.331530809402466","268736","268736","268736","2.160341262817383","2.160341262817383","2.160341262817383"
"6562","","","","","","","272631","272631","272631","2.324704885482788","2.324704885482788","2.324704885482788","272631","272631","272631","2.152942657470703","2.152942657470703","2.152942657470703"
"6656","","","","","","","276526","276526","276526","2.3056833744049072","2.3056833744049072","2.3056833744049072","276526","276526","276526","2.1402666568756104","2.1402666568756104","2.1402666568756104"
"6749","","","","","","","280421","280421","280421","2.305999994277954","2.305999994277954","2.305999994277954","280421","280421","280421","2.1423585414886475","2.1423585414886475","2.1423585414886475"
"6843","","","","","","","284315","284315","284315","2.289184331893921","2.289184331893921","2.289184331893921","284315","284315","284315","2.1302828788757324","2.1302828788757324","2.1302828788757324"
"6937","","","","","","","288210","288210","288210","2.28375244140625","2.28375244140625","2.28375244140625","288210","288210","288210","2.1196908950805664","2.1196908950805664","2.1196908950805664"
"7031","","","","","","","292105","292105","292105","2.276174783706665","2.276174783706665","2.276174783706665","292105","292105","292105","2.1131625175476074","2.1131625175476074","2.1131625175476074"
"7124","","","","","","","296000","296000","296000","2.2618207931518555","2.2618207931518555","2.2618207931518555","296000","296000","296000","2.106973886489868","2.106973886489868","2.106973886489868"
"7218","","","","","","","299894","299894","299894","2.25189208984375","2.25189208984375","2.25189208984375","299894","299894","299894","2.0937206745147705","2.0937206745147705","2.0937206745147705"
"7312","","","","","","","303789","303789","303789","2.243419647216797","2.243419647216797","2.243419647216797","303789","303789","303789","2.089937686920166","2.089937686920166","2.089937686920166"
"7406","","","","","","","307684","307684","307684","2.2396528720855713","2.2396528720855713","2.2396528720855713","307684","307684","307684","2.074746608734131","2.074746608734131","2.074746608734131"
"7499","","","","","","","311579","311579","311579","2.229778528213501","2.229778528213501","2.229778528213501","311579","311579","311579","2.0742838382720947","2.0742838382720947","2.0742838382720947"
"7593","","","","","","","159683","3893","315473","2.215720295906067","2.212472915649414","2.2189676761627197","315473","315473","315473","2.059840440750122","2.059840440750122","2.059840440750122"
"7687","","","","","","","7788","7788","7788","2.209993600845337","2.209993600845337","2.209993600845337","319368","319368","319368","2.0578150749206543","2.0578150749206543","2.0578150749206543"
"7781","","","","","","","11683","11683","11683","2.202272653579712","2.202272653579712","2.202272653579712","323263","323263","323263","2.046825647354126","2.046825647354126","2.046825647354126"
"7874","","","","","","","15578","15578","15578","2.1970760822296143","2.1970760822296143","2.1970760822296143","327158","327158","327158","2.040688991546631","2.040688991546631","2.040688991546631"
"7968","","","","","","","19472","19472","19472","2.1936779022216797","2.1936779022216797","2.1936779022216797","331052","331052","331052","2.0423405170440674","2.0423405170440674","2.0423405170440674"
"8062","","","","","","","23367","23367","23367","2.1784088611602783","2.1784088611602783","2.1784088611602783","334947","334947","334947","2.028550863265991","2.028550863265991","2.028550863265991"
"8156","","","","","","","27262","27262","27262","2.171295404434204","2.171295404434204","2.171295404434204","338842","338842","338842","2.025414228439331","2.025414228439331","2.025414228439331"
"8249","","","","","","","31157","31157","31157","2.165618896484375","2.165618896484375","2.165618896484375","342737","342737","342737","2.0205368995666504","2.0205368995666504","2.0205368995666504"
"8343","","","","","","","35051","35051","35051","2.162722587585449","2.162722587585449","2.162722587585449","346631","346631","346631","2.019146203994751","2.019146203994751","2.019146203994751"
"8437","","","","","","","38946","38946","38946","2.152721881866455","2.152721881866455","2.152721881866455","350526","350526","350526","2.005767583847046","2.005767583847046","2.005767583847046"
"8531","","","","","","","42841","42841","42841","2.1533522605895996","2.1533522605895996","2.1533522605895996","354421","354421","354421","2.0026514530181885","2.0026514530181885","2.0026514530181885"
"8624","","","","","","","46736","46736","46736","2.1417858600616455","2.1417858600616455","2.1417858600616455","358316","358316","358316","2.0020668506622314","2.0020668506622314","2.0020668506622314"
"8718","","","","","","","50630","50630","50630","2.126868963241577","2.126868963241577","2.126868963241577","362210","362210","362210","1.9931106567382812","1.9931106567382812","1.9931106567382812"
"8812","","","","","","","54525","54525","54525","2.130688428878784","2.130688428878784","2.130688428878784","366105","366105","366105","1.98349928855896","1.98349928855896","1.98349928855896"
"8906","","","","","","","58420","58420","58420","2.1202003955841064","2.1202003955841064","2.1202003955841064","370000","370000","370000","1.9798598289489746","1.9798598289489746","1.9798598289489746"
"8999","","","","","","","62315","62315","62315","2.116760015487671","2.116760015487671","2.116760015487671","373895","373895","373895","1.9745924472808838","1.9745924472808838","1.9745924472808838"
"9093","","","","","","","66209","66209","66209","2.1105101108551025","2.1105101108551025","2.1105101108551025","377789","377789","377789","1.9738308191299438","1.9738308191299438","1.9738308191299438"
"9187","","","","","","","70104","70104","70104","2.1075475215911865","2.1075475215911865","2.1075475215911865","381684","381684","381684","1.966362476348877","1.966362476348877","1.966362476348877"
"9281","","","","","","","73999","73999","73999","2.0970659255981445","2.0970659255981445","2.0970659255981445","385579","385579","385579","1.956785798072815","1.956785798072815","1.956785798072815"
"9374","","","","","","","77894","77894","77894","2.0907464027404785","2.0907464027404785","2.0907464027404785","389474","389474","389474","1.94884192943573","1.94884192943573","1.94884192943573"
"9468","","","","","","","81788","81788","81788","2.0873234272003174","2.0873234272003174","2.0873234272003174","393368","393368","393368","1.9525219202041626","1.9525219202041626","1.9525219202041626"
"9562","","","","","","","85683","85683","85683","2.083341121673584","2.083341121673584","2.083341121673584","397263","397263","397263","1.9400057792663574","1.9400057792663574","1.9400057792663574"
"9656","","","","","","","89578","89578","89578","2.0780231952667236","2.0780231952667236","2.0780231952667236","401158","401158","401158","1.9397333860397339","1.9397333860397339","1.9397333860397339"
"9749","","","","","","","93473","93473","93473","2.069796562194824","2.069796562194824","2.069796562194824","405053","405053","405053","1.9323943853378296","1.9323943853378296","1.9323943853378296"
"9843","","","","","","","97367","97367","97367","2.06672739982605","2.06672739982605","2.06672739982605","408947","408947","408947","1.9239875078201294","1.9239875078201294","1.9239875078201294"
"9937","","","","","","","101262","101262","101262","2.0534820556640625","2.0534820556640625","2.0534820556640625","412842","412842","412842","1.919797420501709","1.919797420501709","1.919797420501709"
"10031","","","","","","","105157","105157","105157","2.0555200576782227","2.0555200576782227","2.0555200576782227","416737","416737","416737","1.9152774810791016","1.9152774810791016","1.9152774810791016"
"10124","","","","","","","109052","109052","109052","2.053687810897827","2.053687810897827","2.053687810897827","420632","420632","420632","1.916088342666626","1.916088342666626","1.916088342666626"
"10218","","","","","","","112946","112946","112946","2.0403618812561035","2.0403618812561035","2.0403618812561035","424526","424526","424526","1.9137650728225708","1.9137650728225708","1.9137650728225708"
"10312","","","","","","","116841","116841","116841","2.0361952781677246","2.0361952781677246","2.0361952781677246","428421","428421","428421","1.90565025806427","1.90565025806427","1.90565025806427"
"10406","","","","","","","120736","120736","120736","2.039867639541626","2.039867639541626","2.039867639541626","432316","432316","432316","1.8935593366622925","1.8935593366622925","1.8935593366622925"
"10499","","","","","","","124631","124631","124631","2.0338640213012695","2.0338640213012695","2.0338640213012695","436211","436211","436211","1.8950762748718262","1.8950762748718262","1.8950762748718262"
"10593","","","","","","","128525","128525","128525","2.0232181549072266","2.0232181549072266","2.0232181549072266","440105","440105","440105","1.8875129222869873","1.8875129222869873","1.8875129222869873"
"10687","","","","","","","132420","132420","132420","2.015665054321289","2.015665054321289","2.015665054321289","444000","444000","444000","1.8830152750015259","1.8830152750015259","1.8830152750015259"
"10781","","","","","","","136315","136315","136315","2.0092501640319824","2.0092501640319824","2.0092501640319824","447895","447895","447895","1.8764358758926392","1.8764358758926392","1.8764358758926392"
"10874","","","","","","","140210","140210","140210","2.009805202484131","2.009805202484131","2.009805202484131","451790","451790","451790","1.878570795059204","1.878570795059204","1.878570795059204"
"10968","","","","","","","144104","144104","144104","1.9984644651412964","1.9984644651412964","1.9984644651412964","455684","455684","455684","1.8686859607696533","1.8686859607696533","1.8686859607696533"
"11062","","","","","","","147999","147999","147999","1.9943046569824219","1.9943046569824219","1.9943046569824219","459579","459579","459579","1.8663517236709595","1.8663517236709595","1.8663517236709595"
"11156","","","","","","","151894","151894","151894","1.9967625141143799","1.9967625141143799","1.9967625141143799","463474","463474","463474","1.8649523258209229","1.8649523258209229","1.8649523258209229"
"11249","","","","","","","155789","155789","155789","1.9883451461791992","1.9883451461791992","1.9883451461791992","467369","467369","467369","1.861492395401001","1.861492395401001","1.861492395401001"
"11343","","","","","","","159683","159683","159683","1.985745906829834","1.985745906829834","1.985745906829834","471263","471263","471263","1.8577522039413452","1.8577522039413452","1.8577522039413452"
"11437","","","","","","","163578","163578","163578","1.984910011291504","1.984910011291504","1.984910011291504","475158","475158","475158","1.8523000478744507","1.8523000478744507","1.8523000478744507"
"11531","","","","","","","167473","167473","167473","1.9788743257522583","1.9788743257522583","1.9788743257522583","479053","479053","479053","1.851053237915039","1.851053237915039","1.851053237915039"
"11624","","","","","","","171368","171368","171368","1.9768292903900146","1.9768292903900146","1.9768292903900146","482948","482948","482948","1.8462620973587036","1.8462620973587036","1.8462620973587036"
"11718","","","","","","","175262","175262","175262","1.966640830039978","1.966640830039978","1.966640830039978","486842","486842","486842","1.8373379707336426","1.8373379707336426","1.8373379707336426"
"11812","","","","","","","179157","179157","179157","1.9609383344650269","1.9609383344650269","1.9609383344650269","490737","490737","490737","1.841340184211731","1.841340184211731","1.841340184211731"
"11906","","","","","","","183052","183052","183052","1.963686227798462","1.963686227798462","1.963686227798462","494632","494632","494632","1.8336275815963745","1.8336275815963745","1.8336275815963745"
"11999","","","","","","","186947","186947","186947","1.9578158855438232","1.9578158855438232","1.9578158855438232","498527","498527","498527","1.8302901983261108","1.8302901983261108","1.8302901983261108"
"12093","","","","","","","190841","190841","190841","1.9471514225006104","1.9471514225006104","1.9471514225006104","502421","502421","502421","1.8267850875854492","1.8267850875854492","1.8267850875854492"
"12187","","","","","","","194736","194736","194736","1.9540718793869019","1.9540718793869019","1.9540718793869019","506316","506316","506316","1.8202399015426636","1.8202399015426636","1.8202399015426636"
"12281","","","","","","","198631","198631","198631","1.948318362236023","1.948318362236023","1.948318362236023","510211","510211","510211","1.8186498880386353","1.8186498880386353","1.8186498880386353"
"12374","","","","","","","202526","202526","202526","1.9435982704162598","1.9435982704162598","1.9435982704162598","514106","514106","514106","1.81816828250885","1.81816828250885","1.81816828250885"
"12468","","","","","","","206420","206420","206420","1.9374569654464722","1.9374569654464722","1.9374569654464722","518000","518000","518000","1.8140950202941895","1.8140950202941895","1.8140950202941895"
"12562","","","","","","","210315","210315","210315","1.9306282997131348","1.9306282997131348","1.9306282997131348","521895","521895","521895","1.8046033382415771","1.8046033382415771","1.8046033382415771"
"12656","","","","","","","214210","214210","214210","1.929403305053711","1.929403305053711","1.929403305053711","525790","525790","525790","1.8071098327636719","1.8071098327636719","1.8071098327636719"
"12749","","","","","","","218105","218105","218105","1.9304062128067017","1.9304062128067017","1.9304062128067017","529685","529685","529685","1.7992806434631348","1.7992806434631348","1.7992806434631348"
"12843","","","","","","","221999","221999","221999","1.9274502992630005","1.9274502992630005","1.9274502992630005","533579","533579","533579","1.797874093055725","1.797874093055725","1.797874093055725"
"12937","","","","","","","225894","225894","225894","1.9239264726638794","1.9239264726638794","1.9239264726638794","537474","537474","537474","1.7881386280059814","1.7881386280059814","1.7881386280059814"
"13031","","","","","","","229789","229789","229789","1.915937066078186","1.915937066078186","1.915937066078186","541369","541369","541369","1.791572093963623","1.791572093963623","1.791572093963623"
"13124","","","","","","","233684","233684","233684","1.9198495149612427","1.9198495149612427","1.9198495149612427","545264","545264","545264","1.7815710306167603","1.7815710306167603","1.7815710306167603"
"13218","","","","","","","237578","237578","237578","1.9166319370269775","1.9166319370269775","1.9166319370269775","549158","549158","549158","1.7806755304336548","1.7806755304336548","1.7806755304336548"
"13312","","","","","","","241473","241473","241473","1.9099078178405762","1.9099078178405762","1.9099078178405762","553053","553053","553053","1.7762373685836792","1.7762373685836792","1.7762373685836792"
"13406","","","","","","","245368","245368","245368","1.9031025171279907","1.9031025171279907","1.9031025171279907","556948","556948","556948","1.7792315483093262","1.7792315483093262","1.7792315483093262"
"13499","","","","","","","249263","249263","249263","1.902683973312378","1.902683973312378","1.902683973312378","560843","560843","560843","1.77153742313385","1.77153742313385","1.77153742313385"
"13593","","","","","","","253157","253157","253157","1.904741644859314","1.904741644859314","1.904741644859314","564737","564737","564737","1.7707587480545044","1.7707587480545044","1.7707587480545044"
"13687","","","","","","","257052","257052","257052","1.8960673809051514","1.8960673809051514","1.8960673809051514","568632","568632","568632","1.7730697393417358","1.7730697393417358","1.7730697393417358"
"13781","","","","","","","260947","260947","260947","1.8925782442092896","1.8925782442092896","1.8925782442092896","572527","572527","572527","1.7648134231567383","1.7648134231567383","1.7648134231567383"
"13874","","","","","","","264842","264842","264842","1.8942314386367798","1.8942314386367798","1.8942314386367798","576422","576422","576422","1.7538424730300903","1.7538424730300903","1.7538424730300903"
"13968","","","","","","","268736","268736","268736","1.8838701248168945","1.8838701248168945","1.8838701248168945","580316","580316","580316","1.7620359659194946","1.7620359659194946","1.7620359659194946"
"14062","","","","","","","272631","272631","272631","1.8895176649093628","1.8895176649093628","1.8895176649093628","584211","584211","584211","1.756619930267334","1.756619930267334","1.756619930267334"
"14156","","","","","","","276526","276526","276526","1.877483606338501","1.877483606338501","1.877483606338501","588106","588106","588106","1.7505918741226196","1.7505918741226196","1.7505918741226196"
"14249","","","","","","","280421","280421","280421","1.8803281784057617","1.8803281784057617","1.8803281784057617","592001","592001","592001","1.7580255270004272","1.7580255270004272","1.7580255270004272"
"14343","","","","","","","284315","284315","284315","1.8763600587844849","1.8763600587844849","1.8763600587844849","595895","595895","595895","1.742846131324768","1.742846131324768","1.742846131324768"
"14437","","","","","","","288210","288210","288210","1.872501254081726","1.872501254081726","1.872501254081726","599790","599790","599790","1.745447039604187","1.745447039604187","1.745447039604187"
"14531","","","","","","","292105","292105","292105","1.8736696243286133","1.8736696243286133","1.8736696243286133","603685","603685","603685","1.7425905466079712","1.7425905466079712","1.7425905466079712"
"14624","","","","","","","296000","296000","296000","1.8633012771606445","1.8633012771606445","1.8633012771606445","607580","607580","607580","1.737976312637329","1.737976312637329","1.737976312637329"
"14718","","","","","","","299894","299894","299894","1.8606623411178589","1.8606623411178589","1.8606623411178589","611474","611474","611474","1.7387685775756836","1.7387685775756836","1.7387685775756836"
"14812","","","","","","","303789","303789","303789","1.8602008819580078","1.8602008819580078","1.8602008819580078","615369","615369","615369","1.7317014932632446","1.7317014932632446","1.7317014932632446"
"14906","","","","","","","307684","307684","307684","1.8576956987380981","1.8576956987380981","1.8576956987380981","619264","619264","619264","1.734886646270752","1.734886646270752","1.734886646270752"
"14999","","","","","","","311579","311579","311579","1.857063889503479","1.857063889503479","1.857063889503479","623159","623159","623159","1.7323426008224487","1.7323426008224487","1.7323426008224487"
"15093","","","","","","","315473","315473","315473","1.8452808856964111","1.8452808856964111","1.8452808856964111","627053","627053","627053","1.7241848707199097","1.7241848707199097","1.7241848707199097"
"15187","","","","","","","319368","319368","319368","1.8464512825012207","1.8464512825012207","1.8464512825012207","630948","630948","630948","1.7227425575256348","1.7227425575256348","1.7227425575256348"
"15281","","","","","","","323263","323263","323263","1.8400790691375732","1.8400790691375732","1.8400790691375732","634843","634843","634843","1.7238322496414185","1.7238322496414185","1.7238322496414185"
"15374","","","","","","","327158","327158","327158","1.840004801750183","1.840004801750183","1.840004801750183","638738","638738","638738","1.7200020551681519","1.7200020551681519","1.7200020551681519"
"15468","","","","","","","331052","331052","331052","1.8415985107421875","1.8415985107421875","1.8415985107421875","642632","642632","642632","1.7230349779129028","1.7230349779129028","1.7230349779129028"
"15562","","","","","","","334947","334947","334947","1.8318456411361694","1.8318456411361694","1.8318456411361694","646527","646527","646527","1.7171447277069092","1.7171447277069092","1.7171447277069092"
"15656","","","","","","","338842","338842","338842","1.831621766090393","1.831621766090393","1.831621766090393","650422","650422","650422","1.7093943357467651","1.7093943357467651","1.7093943357467651"
"15749","","","","","","","342737","342737","342737","1.826948881149292","1.826948881149292","1.826948881149292","654317","654317","654317","1.7084730863571167","1.7084730863571167","1.7084730863571167"
"15843","","","","","","","346631","346631","346631","1.8272104263305664","1.8272104263305664","1.8272104263305664","658211","658211","658211","1.7022660970687866","1.7022660970687866","1.7022660970687866"
"15937","","","","","","","350526","350526","350526","1.8214550018310547","1.8214550018310547","1.8214550018310547","662106","662106","662106","1.7020273208618164","1.7020273208618164","1.7020273208618164"
"16031","","","","","","","354421","354421","354421","1.8205739259719849","1.8205739259719849","1.8205739259719849","666001","666001","666001","1.7021784782409668","1.7021784782409668","1.7021784782409668"
"16124","","","","","","","358316","358316","358316","1.8269609212875366","1.8269609212875366","1.8269609212875366","669896","669896","669896","1.7026129961013794","1.7026129961013794","1.7026129961013794"
"16218","","","","","","","362210","362210","362210","1.8184325695037842","1.8184325695037842","1.8184325695037842","673790","673790","673790","1.6972259283065796","1.6972259283065796","1.6972259283065796"
"16312","","","","","","","366105","366105","366105","1.8168171644210815","1.8168171644210815","1.8168171644210815","677685","677685","677685","1.6907362937927246","1.6907362937927246","1.6907362937927246"
"16406","","","","","","","370000","370000","370000","1.808359980583191","1.808359980583191","1.808359980583191","681580","681580","681580","1.6936144828796387","1.6936144828796387","1.6936144828796387"
"16499","","","","","","","373895","373895","373895","1.8104262351989746","1.8104262351989746","1.8104262351989746","685475","685475","685475","1.6980870962142944","1.6980870962142944","1.6980870962142944"
"16593","","","","","","","377789","377789","377789","1.8117562532424927","1.8117562532424927","1.8117562532424927","689369","689369","689369","1.6877073049545288","1.6877073049545288","1.6877073049545288"
"16687","","","","","","","381684","381684","381684","1.8054121732711792","1.8054121732711792","1.8054121732711792","693264","693264","693264","1.6823958158493042","1.6823958158493042","1.6823958158493042"
"16781","","","","","","","385579","385579","385579","1.801285982131958","1.801285982131958","1.801285982131958","697159","697159","697159","1.689846396446228","1.689846396446228","1.689846396446228"
"16874","","","","","","","389474","389474","389474","1.7960917949676514","1.7960917949676514","1.7960917949676514","701054","701054","701054","1.6800098419189453","1.6800098419189453","1.6800098419189453"
"16968","","","","","","","393368","393368","393368","1.7968754768371582","1.7968754768371582","1.7968754768371582","704948","704948","704948","1.67427659034729","1.67427659034729","1.67427659034729"
"17062","","","","","","","397263","397263","397263","1.7968870401382446","1.7968870401382446","1.7968870401382446","3894","3894","3894","1.6768007278442383","1.6768007278442383","1.6768007278442383"
"17156","","","","","","","401158","401158","401158","1.7900735139846802","1.7900735139846802","1.7900735139846802","7789","7789","7789","1.6747881174087524","1.6747881174087524","1.6747881174087524"
"17249","","","","","","","405053","405053","405053","1.7908375263214111","1.7908375263214111","1.7908375263214111","11684","11684","11684","1.6693487167358398","1.6693487167358398","1.6693487167358398"
"17343","","","","","","","408947","408947","408947","1.7827577590942383","1.7827577590942383","1.7827577590942383","15578","15578","15578","1.6735680103302002","1.6735680103302002","1.6735680103302002"
"17437","","","","","","","412842","412842","412842","1.7888689041137695","1.7888689041137695","1.7888689041137695","19473","19473","19473","1.6724008321762085","1.6724008321762085","1.6724008321762085"
"17531","","","","","","","416737","416737","416737","1.7835431098937988","1.7835431098937988","1.7835431098937988","23368","23368","23368","1.6619023084640503","1.6619023084640503","1.6619023084640503"
"17624","","","","","","","420632","420632","420632","1.785632848739624","1.785632848739624","1.785632848739624","27263","27263","27263","1.6578449010849","1.6578449010849","1.6578449010849"
"17718","","","","","","","424526","424526","424526","1.7737070322036743","1.7737070322036743","1.7737070322036743","31157","31157","31157","1.6594395637512207","1.6594395637512207","1.6594395637512207"
"17812","","","","","","","428421","428421","428421","1.7786672115325928","1.7786672115325928","1.7786672115325928","35052","35052","35052","1.6637458801269531","1.6637458801269531","1.6637458801269531"
"17906","","","","","","","432316","432316","432316","1.779176115989685","1.779176115989685","1.779176115989685","38947","38947","38947","1.655855655670166","1.655855655670166","1.655855655670166"
"17999","","","","","","","436211","436211","436211","1.7700163125991821","1.7700163125991821","1.7700163125991821","42842","42842","42842","1.65547513961792","1.65547513961792","1.65547513961792"
"18093","","","","","","","440105","440105","440105","1.7727009057998657","1.7727009057998657","1.7727009057998657","46736","46736","46736","1.6563023328781128","1.6563023328781128","1.6563023328781128"
"18187","","","","","","","444000","444000","444000","1.7648662328720093","1.7648662328720093","1.7648662328720093","50631","50631","50631","1.6449410915374756","1.6449410915374756","1.6449410915374756"
"18281","","","","","","","447895","447895","447895","1.7628790140151978","1.7628790140151978","1.7628790140151978","54526","54526","54526","1.65259850025177","1.65259850025177","1.65259850025177"
"18374","","","","","","","451790","451790","451790","1.763464093208313","1.763464093208313","1.763464093208313","58421","58421","58421","1.6487751007080078","1.6487751007080078","1.6487751007080078"
"18468","","","","","","","455684","455684","455684","1.764365792274475","1.764365792274475","1.764365792274475","62315","62315","62315","1.642296552658081","1.642296552658081","1.642296552658081"
"18562","","","","","","","459579","459579","459579","1.758739709854126","1.758739709854126","1.758739709854126","66210","66210","66210","1.6430197954177856","1.6430197954177856","1.6430197954177856"
"18656","","","","","","","463474","463474","463474","1.7524372339248657","1.7524372339248657","1.7524372339248657","70105","70105","70105","1.6408673524856567","1.6408673524856567","1.6408673524856567"
"18749","","","","","","","467369","467369","467369","1.7524422407150269","1.7524422407150269","1.7524422407150269","74000","74000","74000","1.633178949356079","1.633178949356079","1.633178949356079"
"18843","","","","","","","471263","471263","471263","1.7532767057418823","1.7532767057418823","1.7532767057418823","77894","77894","77894","1.639178991317749","1.639178991317749","1.639178991317749"
"18937","","","","","","","475158","475158","475158","1.7544763088226318","1.7544763088226318","1.7544763088226318","81789","81789","81789","1.6364974975585938","1.6364974975585938","1.6364974975585938"
"19031","","","","","","","479053","479053","479053","1.7442817687988281","1.7442817687988281","1.7442817687988281","85684","85684","85684","1.6310739517211914","1.6310739517211914","1.6310739517211914"
"19124","","","","","","","482948","482948","482948","1.7440098524093628","1.7440098524093628","1.7440098524093628","89579","89579","89579","1.632585883140564","1.632585883140564","1.632585883140564"
"19218","","","","","","","486842","486842","486842","1.7443541288375854","1.7443541288375854","1.7443541288375854","93473","93473","93473","1.6287163496017456","1.6287163496017456","1.6287163496017456"
"19312","","","","","","","490737","490737","490737","1.7447513341903687","1.7447513341903687","1.7447513341903687","97368","97368","97368","1.6276018619537354","1.6276018619537354","1.6276018619537354"
"19406","","","","","","","494632","494632","494632","1.7370457649230957","1.7370457649230957","1.7370457649230957","101263","101263","101263","1.6223318576812744","1.6223318576812744","1.6223318576812744"
"19499","","","","","","","498527","498527","498527","1.7366209030151367","1.7366209030151367","1.7366209030151367","105158","105158","105158","1.6222426891326904","1.6222426891326904","1.6222426891326904"
"19593","","","","","","","502421","502421","502421","1.736562728881836","1.736562728881836","1.736562728881836","109052","109052","109052","1.6223002672195435","1.6223002672195435","1.6223002672195435"
"19687","","","","","","","506316","506316","506316","1.7325330972671509","1.7325330972671509","1.7325330972671509","112947","112947","112947","1.6211936473846436","1.6211936473846436","1.6211936473846436"
"19781","","","","","","","510211","510211","510211","1.7284154891967773","1.7284154891967773","1.7284154891967773","116842","116842","116842","1.6215488910675049","1.6215488910675049","1.6215488910675049"
"19874","","","","","","","514106","514106","514106","1.7232823371887207","1.7232823371887207","1.7232823371887207","120737","120737","120737","1.6183439493179321","1.6183439493179321","1.6183439493179321"
"19968","","","","","","","518000","518000","518000","1.7284481525421143","1.7284481525421143","1.7284481525421143","124631","124631","124631","1.6237918138504028","1.6237918138504028","1.6237918138504028"
"20062","","","","","","","521895","521895","521895","1.7219667434692383","1.7219667434692383","1.7219667434692383","128526","128526","128526","1.6095056533813477","1.6095056533813477","1.6095056533813477"
"20156","","","","","","","525790","525790","525790","1.7242745161056519","1.7242745161056519","1.7242745161056519","132421","132421","132421","1.6080825328826904","1.6080825328826904","1.6080825328826904"
"20249","","","","","","","529685","529685","529685","1.7199984788894653","1.7199984788894653","1.7199984788894653","136316","136316","136316","1.6066796779632568","1.6066796779632568","1.6066796779632568"
"20343","","","","","","","533579","533579","533579","1.7254234552383423","1.7254234552383423","1.7254234552383423","140210","140210","140210","1.6141390800476074","1.6141390800476074","1.6141390800476074"
"20437","","","","","","","537474","537474","537474","1.722416877746582","1.722416877746582","1.722416877746582","144105","144105","144105","1.6137501001358032","1.6137501001358032","1.6137501001358032"
"20531","","","","","","","541369","541369","541369","1.7266064882278442","1.7266064882278442","1.7266064882278442","148000","148000","148000","1.6014033555984497","1.6014033555984497","1.6014033555984497"
"20624","","","","","","","545264","545264","545264","1.7113251686096191","1.7113251686096191","1.7113251686096191","151895","151895","151895","1.6072216033935547","1.6072216033935547","1.6072216033935547"
"20718","","","","","","","549158","549158","549158","1.7051563262939453","1.7051563262939453","1.7051563262939453","155789","155789","155789","1.602748155593872","1.602748155593872","1.602748155593872"
"20812","","","","","","","553053","553053","553053","1.7070115804672241","1.7070115804672241","1.7070115804672241","159684","159684","159684","1.6029940843582153","1.6029940843582153","1.6029940843582153"
"20906","","","","","","","556948","556948","556948","1.7095401287078857","1.7095401287078857","1.7095401287078857","163579","163579","163579","1.591349720954895","1.591349720954895","1.591349720954895"
"20999","","","","","","","560843","560843","560843","1.7088698148727417","1.7088698148727417","1.7088698148727417","167474","167474","167474","1.592250108718872","1.592250108718872","1.592250108718872"
"21093","","","","","","","564737","564737","564737","1.7063106298446655","1.7063106298446655","1.7063106298446655","171368","171368","171368","1.6031800508499146","1.6031800508499146","1.6031800508499146"
"21187","","","","","","","568632","568632","568632","1.702353835105896","1.702353835105896","1.702353835105896","175263","175263","175263","1.5909206867218018","1.5909206867218018","1.5909206867218018"
"21281","","","","","","","572527","572527","572527","1.7059556245803833","1.7059556245803833","1.7059556245803833","179158","179158","179158","1.5829486846923828","1.5829486846923828","1.5829486846923828"
"21374","","","","","","","576422","576422","576422","1.700989007949829","1.700989007949829","1.700989007949829","183053","183053","183053","1.5885791778564453","1.5885791778564453","1.5885791778564453"
"21468","","","","","","","580316","580316","580316","1.6996549367904663","1.6996549367904663","1.6996549367904663","186947","186947","186947","1.587255835533142","1.587255835533142","1.587255835533142"
"21562","","","","","","","584211","584211","584211","1.6934598684310913","1.6934598684310913","1.6934598684310913","190842","190842","190842","1.5922328233718872","1.5922328233718872","1.5922328233718872"
"21656","","","","","","","588106","588106","588106","1.699591040611267","1.699591040611267","1.699591040611267","194737","194737","194737","1.5907212495803833","1.5907212495803833","1.5907212495803833"
"21749","","","","","","","592001","592001","592001","1.6954151391983032","1.6954151391983032","1.6954151391983032","198632","198632","198632","1.586958646774292","1.586958646774292","1.586958646774292"
"21843","","","","","","","595895","595895","595895","1.6944382190704346","1.6944382190704346","1.6944382190704346","202526","202526","202526","1.5857799053192139","1.5857799053192139","1.5857799053192139"
"21937","","","","","","","599790","599790","599790","1.6875745058059692","1.6875745058059692","1.6875745058059692","206421","206421","206421","1.5819648504257202","1.5819648504257202","1.5819648504257202"
"22031","","","","","","","603685","603685","603685","1.687943696975708","1.687943696975708","1.687943696975708","210316","210316","210316","1.5777260065078735","1.5777260065078735","1.5777260065078735"
"22124","","","","","","","607580","607580","607580","1.6926523447036743","1.6926523447036743","1.6926523447036743","214211","214211","214211","1.5788956880569458","1.5788956880569458","1.5788956880569458"
"22218","","","","","","","611474","611474","611474","1.6856498718261719","1.6856498718261719","1.6856498718261719","218105","218105","218105","1.5717859268188477","1.5717859268188477","1.5717859268188477"
"22312","","","","","","","615369","615369","615369","1.6878983974456787","1.6878983974456787","1.6878983974456787","222000","222000","222000","1.5741444826126099","1.5741444826126099","1.5741444826126099"
"22406","","","","","","","619264","619264","619264","1.6838821172714233","1.6838821172714233","1.6838821172714233","225895","225895","225895","1.5710011720657349","1.5710011720657349","1.5710011720657349"
"22499","","","","","","","623159","623159","623159","1.674780011177063","1.674780011177063","1.674780011177063","229790","229790","229790","1.5753637552261353","1.5753637552261353","1.5753637552261353"
"22593","","","","","","","627053","627053","627053","1.6803175210952759","1.6803175210952759","1.6803175210952759","233684","233684","233684","1.5690680742263794","1.5690680742263794","1.5690680742263794"
"22687","","","","","","","630948","630948","630948","1.6769390106201172","1.6769390106201172","1.6769390106201172","237579","237579","237579","1.567664384841919","1.567664384841919","1.567664384841919"
"22781","","","","","","","634843","634843","634843","1.6788604259490967","1.6788604259490967","1.6788604259490967","241474","241474","241474","1.564582109451294","1.564582109451294","1.564582109451294"
"22874","","","","","","","638738","638738","638738","1.673243522644043","1.673243522644043","1.673243522644043","245369","245369","245369","1.5702295303344727","1.5702295303344727","1.5702295303344727"
"22968","","","","","","","642632","642632","642632","1.6779881715774536","1.6779881715774536","1.6779881715774536","249263","249263","249263","1.566802740097046","1.566802740097046","1.566802740097046"
"23062","","","","","","","646527","646527","646527","1.6748474836349487","1.6748474836349487","1.6748474836349487","253158","253158","253158","1.5648460388183594","1.5648460388183594","1.5648460388183594"
"23156","","","","","","","650422","650422","650422","1.6686285734176636","1.6686285734176636","1.6686285734176636","257053","257053","257053","1.5630601644515991","1.5630601644515991","1.5630601644515991"
"23249","","","","","","","654317","654317","654317","1.668576717376709","1.668576717376709","1.668576717376709","260948","260948","260948","1.5628966093063354","1.5628966093063354","1.5628966093063354"
"23343","","","","","","","658211","658211","658211","1.6676276922225952","1.6676276922225952","1.6676276922225952","264842","264842","264842","1.5614737272262573","1.5614737272262573","1.5614737272262573"
"23437","","","","","","","662106","662106","662106","1.6634235382080078","1.6634235382080078","1.6634235382080078","268737","268737","268737","1.556368350982666","1.556368350982666","1.556368350982666"
"23531","","","","","","","666001","666001","666001","1.6692129373550415","1.6692129373550415","1.6692129373550415","272632","272632","272632","1.5538996458053589","1.5538996458053589","1.5538996458053589"
"23624","","","","","","","669896","669896","669896","1.6651322841644287","1.6651322841644287","1.6651322841644287","276527","276527","276527","1.5518312454223633","1.5518312454223633","1.5518312454223633"
"23718","","","","","","","673790","673790","673790","1.666204810142517","1.666204810142517","1.666204810142517","280421","280421","280421","1.5581632852554321","1.5581632852554321","1.5581632852554321"
"23812","","","","","","","677685","677685","677685","1.660908579826355","1.660908579826355","1.660908579826355","284316","284316","284316","1.5534125566482544","1.5534125566482544","1.5534125566482544"
"23906","","","","","","","681580","681580","681580","1.6633286476135254","1.6633286476135254","1.6633286476135254","288211","288211","288211","1.5511897802352905","1.5511897802352905","1.5511897802352905"
"23999","","","","","","","685475","685475","685475","1.6554219722747803","1.6554219722747803","1.6554219722747803","292106","292106","292106","1.551529884338379","1.551529884338379","1.551529884338379"
"24093","","","","","","","689369","689369","689369","1.6627655029296875","1.6627655029296875","1.6627655029296875","296000","296000","296000","1.553274393081665","1.553274393081665","1.553274393081665"
"24187","","","","","","","693264","693264","693264","1.6524956226348877","1.6524956226348877","1.6524956226348877","299895","299895","299895","1.5447543859481812","1.5447543859481812","1.5447543859481812"
"24281","","","","","","","697159","697159","697159","1.6508855819702148","1.6508855819702148","1.6508855819702148","303790","303790","303790","1.5451555252075195","1.5451555252075195","1.5451555252075195"
"24374","","","","","","","701054","701054","701054","1.6527575254440308","1.6527575254440308","1.6527575254440308","307685","307685","307685","1.541734218597412","1.541734218597412","1.541734218597412"
"24468","","","","","","","704948","704948","704948","1.6484795808792114","1.6484795808792114","1.6484795808792114","311579","311579","311579","1.5443474054336548","1.5443474054336548","1.5443474054336548"
"24562","","","","","","","708843","708843","708843","1.6531919240951538","1.6531919240951538","1.6531919240951538","315474","315474","315474","1.5343157052993774","1.5343157052993774","1.5343157052993774"
"24656","","","","","","","712738","712738","712738","1.647040843963623","1.647040843963623","1.647040843963623","319369","319369","319369","1.538488507270813","1.538488507270813","1.538488507270813"
"24749","","","","","","","3894","3894","3894","1.6492758989334106","1.6492758989334106","1.6492758989334106","323264","323264","323264","1.535279631614685","1.535279631614685","1.535279631614685"
"24843","","","","","","","7788","7788","7788","1.643560767173767","1.643560767173767","1.643560767173767","327158","327158","327158","1.5354152917861938","1.5354152917861938","1.5354152917861938"
"24937","","","","","","","11683","11683","11683","1.6422734260559082","1.6422734260559082","1.6422734260559082","331053","331053","331053","1.538806438446045","1.538806438446045","1.538806438446045"
"25031","","","","","","","15578","15578","15578","1.6436506509780884","1.6436506509780884","1.6436506509780884","334948","334948","334948","1.5324658155441284","1.5324658155441284","1.5324658155441284"
"25124","","","","","","","19473","19473","19473","1.6435304880142212","1.6435304880142212","1.6435304880142212","338843","338843","338843","1.5347747802734375","1.5347747802734375","1.5347747802734375"
"25218","","","","","","","23367","23367","23367","1.6348954439163208","1.6348954439163208","1.6348954439163208","342737","342737","342737","1.5337432622909546","1.5337432622909546","1.5337432622909546"
"25312","","","","","","","27262","27262","27262","1.6336504220962524","1.6336504220962524","1.6336504220962524","346632","346632","346632","1.5380496978759766","1.5380496978759766","1.5380496978759766"
"25406","","","","","","","31157","31157","31157","1.637288212776184","1.637288212776184","1.637288212776184","350527","350527","350527","1.5285216569900513","1.5285216569900513","1.5285216569900513"
"25499","","","","","","","35052","35052","35052","1.6398199796676636","1.6398199796676636","1.6398199796676636","354422","354422","354422","1.5322277545928955","1.5322277545928955","1.5322277545928955"
"25593","","","","","","","38946","38946","38946","1.6325674057006836","1.6325674057006836","1.6325674057006836","358316","358316","358316","1.5356671810150146","1.5356671810150146","1.5356671810150146"
"25687","","","","","","","42841","42841","42841","1.6402925252914429","1.6402925252914429","1.6402925252914429","362211","362211","362211","1.5287270545959473","1.5287270545959473","1.5287270545959473"
"25781","","","","","","","46736","46736","46736","1.6347652673721313","1.6347652673721313","1.6347652673721313","366106","366106","366106","1.525363564491272","1.525363564491272","1.525363564491272"
"25874","","","","","","","50631","50631","50631","1.6276540756225586","1.6276540756225586","1.6276540756225586","370001","370001","370001","1.5246835947036743","1.5246835947036743","1.5246835947036743"
"25968","","","","","","","54525","54525","54525","1.634042739868164","1.634042739868164","1.634042739868164","373895","373895","373895","1.5280898809432983","1.5280898809432983","1.5280898809432983"
"26062","","","","","","","58420","58420","58420","1.6313270330429077","1.6313270330429077","1.6313270330429077","377790","377790","377790","1.530029535293579","1.530029535293579","1.530029535293579"
"26156","","","","","","","62315","62315","62315","1.6322251558303833","1.6322251558303833","1.6322251558303833","381685","381685","381685","1.5256353616714478","1.5256353616714478","1.5256353616714478"
"26249","","","","","","","66210","66210","66210","1.6283221244812012","1.6283221244812012","1.6283221244812012","385580","385580","385580","1.5189465284347534","1.5189465284347534","1.5189465284347534"
"26343","","","","","","","70104","70104","70104","1.6284414529800415","1.6284414529800415","1.6284414529800415","389474","389474","389474","1.518401026725769","1.518401026725769","1.518401026725769"
"26437","","","","","","","73999","73999","73999","1.6232750415802002","1.6232750415802002","1.6232750415802002","393369","393369","393369","1.5239391326904297","1.5239391326904297","1.5239391326904297"
"26531","","","","","","","77894","77894","77894","1.6252926588058472","1.6252926588058472","1.6252926588058472","397264","397264","397264","1.5165388584136963","1.5165388584136963","1.5165388584136963"
"26624","","","","","","","81789","81789","81789","1.6246697902679443","1.6246697902679443","1.6246697902679443","401159","401159","401159","1.519572138786316","1.519572138786316","1.519572138786316"
"26718","","","","","","","85683","85683","85683","1.624843955039978","1.624843955039978","1.624843955039978","405053","405053","405053","1.5178745985031128","1.5178745985031128","1.5178745985031128"
"26812","","","","","","","89578","89578","89578","1.6229195594787598","1.6229195594787598","1.6229195594787598","408948","408948","408948","1.5127098560333252","1.5127098560333252","1.5127098560333252"
"26906","","","","","","","93473","93473","93473","1.6173758506774902","1.6173758506774902","1.6173758506774902","412843","412843","412843","1.514155626296997","1.514155626296997","1.514155626296997"
"26999","","","","","","","97368","97368","97368","1.6193537712097168","1.6193537712097168","1.6193537712097168","416738","416738","416738","1.5105353593826294","1.5105353593826294","1.5105353593826294"
"27093","","","","","","","101262","101262","101262","1.61601984500885","1.61601984500885","1.61601984500885","420632","420632","420632","1.514278531074524","1.514278531074524","1.514278531074524"
"27187","","","","","","","105157","105157","105157","1.6192699670791626","1.6192699670791626","1.6192699670791626","424527","424527","424527","1.5153447389602661","1.5153447389602661","1.5153447389602661"
"27281","","","","","","","109052","109052","109052","1.6216435432434082","1.6216435432434082","1.6216435432434082","428422","428422","428422","1.5123800039291382","1.5123800039291382","1.5123800039291382"
"27374","","","","","","","112947","112947","112947","1.6115189790725708","1.6115189790725708","1.6115189790725708","432317","432317","432317","1.5056500434875488","1.5056500434875488","1.5056500434875488"
"27468","","","","","","","116841","116841","116841","1.6119319200515747","1.6119319200515747","1.6119319200515747","436211","436211","436211","1.5091782808303833","1.5091782808303833","1.5091782808303833"
"27562","","","","","","","120736","120736","120736","1.61806058883667","1.61806058883667","1.61806058883667","440106","440106","440106","1.5051578283309937","1.5051578283309937","1.5051578283309937"
"27656","","","","","","","124631","124631","124631","1.612189531326294","1.612189531326294","1.612189531326294","444001","444001","444001","1.5042049884796143","1.5042049884796143","1.5042049884796143"
"27749","","","","","","","128526","128526","128526","1.609819769859314","1.609819769859314","1.609819769859314","447896","447896","447896","1.4997882843017578","1.4997882843017578","1.4997882843017578"
"27843","","","","","","","132420","132420","132420","1.6082043647766113","1.6082043647766113","1.6082043647766113","451790","451790","451790","1.5019577741622925","1.5019577741622925","1.5019577741622925"
"27937","","","","","","","136315","136315","136315","1.6038538217544556","1.6038538217544556","1.6038538217544556","455685","455685","455685","1.499261736869812","1.499261736869812","1.499261736869812"
"28031","","","","","","","140210","140210","140210","1.6090246438980103","1.6090246438980103","1.6090246438980103","459580","459580","459580","1.500637412071228","1.500637412071228","1.500637412071228"
"28124","","","","","","","144105","144105","144105","1.5997713804244995","1.5997713804244995","1.5997713804244995","463475","463475","463475","1.4995324611663818","1.4995324611663818","1.4995324611663818"
"28218","","","","","","","147999","147999","147999","1.6021956205368042","1.6021956205368042","1.6021956205368042","467369","467369","467369","1.5026040077209473","1.5026040077209473","1.5026040077209473"
"28312","","","","","","","151894","151894","151894","1.6054580211639404","1.6054580211639404","1.6054580211639404","471264","471264","471264","1.500040888786316","1.500040888786316","1.500040888786316"
"28406","","","","","","","155789","155789","155789","1.6013084650039673","1.6013084650039673","1.6013084650039673","475159","475159","475159","1.4975945949554443","1.4975945949554443","1.4975945949554443"
"28499","","","","","","","159684","159684","159684","1.6002252101898193","1.6002252101898193","1.6002252101898193","479054","479054","479054","1.495244026184082","1.495244026184082","1.495244026184082"
"28593","","","","","","","163578","163578","163578","1.6048774719238281","1.6048774719238281","1.6048774719238281","482948","482948","482948","1.4944310188293457","1.4944310188293457","1.4944310188293457"
"28687","","","","","","","167473","167473","167473","1.6002545356750488","1.6002545356750488","1.6002545356750488","486843","486843","486843","1.491136908531189","1.491136908531189","1.491136908531189"
"28781","","","","","","","171368","171368","171368","1.6003934144973755","1.6003934144973755","1.6003934144973755","490738","490738","490738","1.4980794191360474","1.4980794191360474","1.4980794191360474"
"28874","","","","","","","175263","175263","175263","1.5953961610794067","1.5953961610794067","1.5953961610794067","494633","494633","494633","1.4930251836776733","1.4930251836776733","1.4930251836776733"
"28968","","","","","","","179157","179157","179157","1.5912959575653076","1.5912959575653076","1.5912959575653076","498527","498527","498527","1.4930906295776367","1.4930906295776367","1.4930906295776367"
"29062","","","","","","","183052","183052","183052","1.595750331878662","1.595750331878662","1.595750331878662","502422","502422","502422","1.4896438121795654","1.4896438121795654","1.4896438121795654"
"29156","","","","","","","186947","186947","186947","1.5931035280227661","1.5931035280227661","1.5931035280227661","506317","506317","506317","1.488483190536499","1.488483190536499","1.488483190536499"
"29249","","","","","","","190842","190842","190842","1.5879628658294678","1.5879628658294678","1.5879628658294678","510212","510212","510212","1.4871705770492554","1.4871705770492554","1.4871705770492554"
"29343","","","","","","","194736","194736","194736","1.5951603651046753","1.5951603651046753","1.5951603651046753","514106","514106","514106","1.4904383420944214","1.4904383420944214","1.4904383420944214"
"29437","","","","","","","198631","198631","198631","1.592730164527893","1.592730164527893","1.592730164527893","518001","518001","518001","1.486701488494873","1.486701488494873","1.486701488494873"
"29531","","","","","","","202526","202526","202526","1.5908145904541016","1.5908145904541016","1.5908145904541016","521896","521896","521896","1.4821817874908447","1.4821817874908447","1.4821817874908447"
"29624","","","","","","","206421","206421","206421","1.5869842767715454","1.5869842767715454","1.5869842767715454","525791","525791","525791","1.487335443496704","1.487335443496704","1.487335443496704"
"29718","","","","","","","210315","210315","210315","1.5849523544311523","1.5849523544311523","1.5849523544311523","529685","529685","529685","1.4810048341751099","1.4810048341751099","1.4810048341751099"
"29812","","","","","","","214210","214210","214210","1.584145426750183","1.584145426750183","1.584145426750183","533580","533580","533580","1.4833523035049438","1.4833523035049438","1.4833523035049438"
"29906","","","","","","","218105","218105","218105","1.5854860544204712","1.5854860544204712","1.5854860544204712","537475","537475","537475","1.4765517711639404","1.4765517711639404","1.4765517711639404"
"29999","","","","","","","222000","222000","222000","1.587471604347229","1.587471604347229","1.587471604347229","541370","541370","541370","1.4793556928634644","1.4793556928634644","1.4793556928634644"
"30093","","","","","","","225894","225894","225894","1.5874282121658325","1.5874282121658325","1.5874282121658325","545264","545264","545264","1.4732155799865723","1.4732155799865723","1.4732155799865723"
"30187","","","","","","","229789","229789","229789","1.5823324918746948","1.5823324918746948","1.5823324918746948","549159","549159","549159","1.4776474237442017","1.4776474237442017","1.4776474237442017"
"30281","3894","3894","3894","1.6465355157852173","1.6465355157852173","1.6465355157852173","233684","233684","233684","1.5864579677581787","1.5864579677581787","1.5864579677581787","553054","553054","553054","1.4732390642166138","1.4732390642166138","1.4732390642166138"
"30374","7789","7789","7789","1.6059156656265259","1.6059156656265259","1.6059156656265259","237579","237579","237579","1.583840012550354","1.583840012550354","1.583840012550354","556949","556949","556949","1.478977084159851","1.478977084159851","1.478977084159851"
"30468","11683","11683","11683","1.5772793292999268","1.5772793292999268","1.5772793292999268","241473","241473","241473","1.5792286396026611","1.5792286396026611","1.5792286396026611","560843","560843","560843","1.4717297554016113","1.4717297554016113","1.4717297554016113"
"30562","15578","15578","15578","1.5729172229766846","1.5729172229766846","1.5729172229766846","245368","245368","245368","1.578018307685852","1.578018307685852","1.578018307685852","564738","564738","564738","1.4740742444992065","1.4740742444992065","1.4740742444992065"
"30656","19473","19473","19473","1.559687614440918","1.559687614440918","1.559687614440918","249263","249263","249263","1.5794554948806763","1.5794554948806763","1.5794554948806763","568633","568633","568633","1.4781599044799805","1.4781599044799805","1.4781599044799805"
"30749","23368","23368","23368","1.5437244176864624","1.5437244176864624","1.5437244176864624","253158","253158","253158","1.583901286125183","1.583901286125183","1.583901286125183","572528","572528","572528","1.4716756343841553","1.4716756343841553","1.4716756343841553"
"30843","27262","27262","27262","1.5348118543624878","1.5348118543624878","1.5348118543624878","257052","257052","257052","1.5770350694656372","1.5770350694656372","1.5770350694656372","576422","576422","576422","1.4633402824401855","1.4633402824401855","1.4633402824401855"
"30937","31157","31157","31157","1.5320978164672852","1.5320978164672852","1.5320978164672852","260947","260947","260947","1.5786986351013184","1.5786986351013184","1.5786986351013184","580317","580317","580317","1.4731420278549194","1.4731420278549194","1.4731420278549194"
"31031","35052","35052","35052","1.5333489179611206","1.5333489179611206","1.5333489179611206","264842","264842","264842","1.5780073404312134","1.5780073404312134","1.5780073404312134","584212","584212","584212","1.4696683883666992","1.4696683883666992","1.4696683883666992"
"31124","38947","38947","38947","1.5237758159637451","1.5237758159637451","1.5237758159637451","268737","268737","268737","1.5705124139785767","1.5705124139785767","1.5705124139785767","588107","588107","588107","1.465271234512329","1.465271234512329","1.465271234512329"
"31218","42841","42841","42841","1.521089792251587","1.521089792251587","1.521089792251587","272631","272631","272631","1.5761938095092773","1.5761938095092773","1.5761938095092773","592001","592001","592001","1.471683144569397","1.471683144569397","1.471683144569397"
"31312","46736","46736","46736","1.517522931098938","1.517522931098938","1.517522931098938","276526","276526","276526","1.5694071054458618","1.5694071054458618","1.5694071054458618","595896","595896","595896","1.462593913078308","1.462593913078308","1.462593913078308"
"31406","50631","50631","50631","1.5069652795791626","1.5069652795791626","1.5069652795791626","280421","280421","280421","1.5755019187927246","1.5755019187927246","1.5755019187927246","599791","599791","599791","1.4656645059585571","1.4656645059585571","1.4656645059585571"
"31499","54526","54526","54526","1.5151848793029785","1.5151848793029785","1.5151848793029785","284316","284316","284316","1.5723415613174438","1.5723415613174438","1.5723415613174438","603686","603686","603686","1.4670222997665405","1.4670222997665405","1.4670222997665405"
"31593","58420","58420","58420","1.5067520141601562","1.5067520141601562","1.5067520141601562","288210","288210","288210","1.5698846578598022","1.5698846578598022","1.5698846578598022","607580","607580","607580","1.4636226892471313","1.4636226892471313","1.4636226892471313"
"31687","62315","62315","62315","1.500098705291748","1.500098705291748","1.500098705291748","292105","292105","292105","1.5749900341033936","1.5749900341033936","1.5749900341033936","611475","611475","611475","1.4642970561981201","1.4642970561981201","1.4642970561981201"
"31781","66210","66210","66210","1.5023109912872314","1.5023109912872314","1.5023109912872314","296000","296000","296000","1.5644240379333496","1.5644240379333496","1.5644240379333496","615370","615370","615370","1.4616364240646362","1.4616364240646362","1.4616364240646362"
"31874","70105","70105","70105","1.4959328174591064","1.4959328174591064","1.4959328174591064","299895","299895","299895","1.566210150718689","1.566210150718689","1.566210150718689","619265","619265","619265","1.4666489362716675","1.4666489362716675","1.4666489362716675"
"31968","73999","73999","73999","1.489260196685791","1.489260196685791","1.489260196685791","303789","303789","303789","1.5659112930297852","1.5659112930297852","1.5659112930297852","623159","623159","623159","1.4652132987976074","1.4652132987976074","1.4652132987976074"
"32062","77894","77894","77894","1.493635654449463","1.493635654449463","1.493635654449463","307684","307684","307684","1.565032958984375","1.565032958984375","1.565032958984375","627054","627054","627054","1.4585410356521606","1.4585410356521606","1.4585410356521606"
"32156","81789","81789","81789","1.4911741018295288","1.4911741018295288","1.4911741018295288","311579","311579","311579","1.5672870874404907","1.5672870874404907","1.5672870874404907","630949","630949","630949","1.4587470293045044","1.4587470293045044","1.4587470293045044"
"32249","85684","85684","85684","1.4865093231201172","1.4865093231201172","1.4865093231201172","315474","315474","315474","1.5565733909606934","1.5565733909606934","1.5565733909606934","634844","634844","634844","1.4605367183685303","1.4605367183685303","1.4605367183685303"
"32343","89578","89578","89578","1.4882034063339233","1.4882034063339233","1.4882034063339233","319368","319368","319368","1.561045527458191","1.561045527458191","1.561045527458191","638738","638738","638738","1.4590113162994385","1.4590113162994385","1.4590113162994385"
"32437","93473","93473","93473","1.4848510026931763","1.4848510026931763","1.4848510026931763","323263","323263","323263","1.560149073600769","1.560149073600769","1.560149073600769","642633","642633","642633","1.4638965129852295","1.4638965129852295","1.4638965129852295"
"32531","97368","97368","97368","1.4822345972061157","1.4822345972061157","1.4822345972061157","327158","327158","327158","1.5586925745010376","1.5586925745010376","1.5586925745010376","646528","646528","646528","1.4587920904159546","1.4587920904159546","1.4587920904159546"
"32624","101263","101263","101263","1.478218674659729","1.478218674659729","1.478218674659729","331053","331053","331053","1.5638176202774048","1.5638176202774048","1.5638176202774048","650423","650423","650423","1.4555073976516724","1.4555073976516724","1.4555073976516724"
"32718","105157","105157","105157","1.478032112121582","1.478032112121582","1.478032112121582","334947","334947","334947","1.5537805557250977","1.5537805557250977","1.5537805557250977","654317","654317","654317","1.45268714427948","1.45268714427948","1.45268714427948"
"32812","109052","109052","109052","1.4767441749572754","1.4767441749572754","1.4767441749572754","338842","338842","338842","1.5544651746749878","1.5544651746749878","1.5544651746749878","658212","658212","658212","1.4501875638961792","1.4501875638961792","1.4501875638961792"
"32906","112947","112947","112947","1.4773846864700317","1.4773846864700317","1.4773846864700317","342737","342737","342737","1.5530056953430176","1.5530056953430176","1.5530056953430176","662107","662107","662107","1.4513285160064697","1.4513285160064697","1.4513285160064697"
"32999","116842","116842","116842","1.4736334085464478","1.4736334085464478","1.4736334085464478","3894","3894","3894","1.5577820539474487","1.5577820539474487","1.5577820539474487","666002","666002","666002","1.4524669647216797","1.4524669647216797","1.4524669647216797"
"33093","120736","120736","120736","1.4722758531570435","1.4722758531570435","1.4722758531570435","7788","7788","7788","1.5545289516448975","1.5545289516448975","1.5545289516448975","669896","669896","669896","1.4553316831588745","1.4553316831588745","1.4553316831588745"
"33187","124631","124631","124631","1.4784443378448486","1.4784443378448486","1.4784443378448486","11683","11683","11683","1.552802324295044","1.552802324295044","1.552802324295044","673791","673791","673791","1.4512277841567993","1.4512277841567993","1.4512277841567993"
"33281","128526","128526","128526","1.4656559228897095","1.4656559228897095","1.4656559228897095","15578","15578","15578","1.5568701028823853","1.5568701028823853","1.5568701028823853","677686","677686","677686","1.448023796081543","1.448023796081543","1.448023796081543"
"33374","132421","132421","132421","1.46525239944458","1.46525239944458","1.46525239944458","19473","19473","19473","1.5545902252197266","1.5545902252197266","1.5545902252197266","681581","681581","681581","1.453114628791809","1.453114628791809","1.453114628791809"
"33468","136315","136315","136315","1.4608898162841797","1.4608898162841797","1.4608898162841797","23367","23367","23367","1.5487805604934692","1.5487805604934692","1.5487805604934692","685475","685475","685475","1.454426646232605","1.454426646232605","1.454426646232605"
"33562","140210","140210","140210","1.4677176475524902","1.4677176475524902","1.4677176475524902","27262","27262","27262","1.546668291091919","1.546668291091919","1.546668291091919","689370","689370","689370","1.4491759538650513","1.4491759538650513","1.4491759538650513"
"33656","144105","144105","144105","1.4690204858779907","1.4690204858779907","1.4690204858779907","31157","31157","31157","1.5540376901626587","1.5540376901626587","1.5540376901626587","693265","693265","693265","1.444687008857727","1.444687008857727","1.444687008857727"
"33749","148000","148000","148000","1.4583340883255005","1.4583340883255005","1.4583340883255005","35052","35052","35052","1.555903434753418","1.555903434753418","1.555903434753418","697160","697160","697160","1.4535597562789917","1.4535597562789917","1.4535597562789917"
"33843","151894","151894","151894","1.4624298810958862","1.4624298810958862","1.4624298810958862","38946","38946","38946","1.550047755241394","1.550047755241394","1.550047755241394","701054","701054","701054","1.4463679790496826","1.4463679790496826","1.4463679790496826"
"33937","155789","155789","155789","1.460193157196045","1.460193157196045","1.460193157196045","42841","42841","42841","1.556856393814087","1.556856393814087","1.556856393814087","704949","704949","704949","1.4430259466171265","1.4430259466171265","1.4430259466171265"
"34031","159684","159684","159684","1.4608588218688965","1.4608588218688965","1.4608588218688965","46736","46736","46736","1.5525476932525635","1.5525476932525635","1.5525476932525635","","","","","",""
"34124","163579","163579","163579","1.4480853080749512","1.4480853080749512","1.4480853080749512","50631","50631","50631","1.5473319292068481","1.5473319292068481","1.5473319292068481","","","","","",""
"34218","167473","167473","167473","1.44965660572052","1.44965660572052","1.44965660572052","54525","54525","54525","1.5545071363449097","1.5545071363449097","1.5545071363449097","","","","","",""
"34312","171368","171368","171368","1.4597705602645874","1.4597705602645874","1.4597705602645874","58420","58420","58420","1.550400733947754","1.550400733947754","1.550400733947754","","","","","",""
"34406","175263","175263","175263","1.4499390125274658","1.4499390125274658","1.4499390125274658","62315","62315","62315","1.5540776252746582","1.5540776252746582","1.5540776252746582","","","","","",""
"34499","179158","179158","179158","1.4419080018997192","1.4419080018997192","1.4419080018997192","66210","66210","66210","1.5482990741729736","1.5482990741729736","1.5482990741729736","","","","","",""
"34593","183052","183052","183052","1.4506968259811401","1.4506968259811401","1.4506968259811401","70104","70104","70104","1.5502897500991821","1.5502897500991821","1.5502897500991821","","","","","",""
"34687","186947","186947","186947","1.446347951889038","1.446347951889038","1.446347951889038","73999","73999","73999","1.5453779697418213","1.5453779697418213","1.5453779697418213","","","","","",""
"34781","190842","190842","190842","1.4506760835647583","1.4506760835647583","1.4506760835647583","77894","77894","77894","1.5480448007583618","1.5480448007583618","1.5480448007583618","","","","","",""
"34874","194737","194737","194737","1.449674367904663","1.449674367904663","1.449674367904663","81789","81789","81789","1.5490679740905762","1.5490679740905762","1.5490679740905762","","","","","",""
"34968","198631","198631","198631","1.4449154138565063","1.4449154138565063","1.4449154138565063","85683","85683","85683","1.5515049695968628","1.5515049695968628","1.5515049695968628","","","","","",""
"35062","202526","202526","202526","1.445443868637085","1.445443868637085","1.445443868637085","89578","89578","89578","1.5471094846725464","1.5471094846725464","1.5471094846725464","","","","","",""
"35156","206421","206421","206421","1.4428277015686035","1.4428277015686035","1.4428277015686035","93473","93473","93473","1.5414440631866455","1.5414440631866455","1.5414440631866455","","","","","",""
"35249","210316","210316","210316","1.4383931159973145","1.4383931159973145","1.4383931159973145","97368","97368","97368","1.54425048828125","1.54425048828125","1.54425048828125","","","","","",""
"35343","214210","214210","214210","1.438623070716858","1.438623070716858","1.438623070716858","101262","101262","101262","1.5437793731689453","1.5437793731689453","1.5437793731689453","","","","","",""
"35437","218105","218105","218105","1.4329181909561157","1.4329181909561157","1.4329181909561157","105157","105157","105157","1.5469766855239868","1.5469766855239868","1.5469766855239868","","","","","",""
"35531","222000","222000","222000","1.4359424114227295","1.4359424114227295","1.4359424114227295","109052","109052","109052","1.5499156713485718","1.5499156713485718","1.5499156713485718","","","","","",""
"35624","225895","225895","225895","1.4345285892486572","1.4345285892486572","1.4345285892486572","112947","112947","112947","1.5378851890563965","1.5378851890563965","1.5378851890563965","","","","","",""
"35718","229789","229789","229789","1.4382286071777344","1.4382286071777344","1.4382286071777344","116841","116841","116841","1.5408576726913452","1.5408576726913452","1.5408576726913452","","","","","",""
"35812","233684","233684","233684","1.43192720413208","1.43192720413208","1.43192720413208","120736","120736","120736","1.5462645292282104","1.5462645292282104","1.5462645292282104","","","","","",""
"35906","237579","237579","237579","1.4297384023666382","1.4297384023666382","1.4297384023666382","124631","124631","124631","1.5431900024414062","1.5431900024414062","1.5431900024414062","","","","","",""
"35999","241474","241474","241474","1.427889108657837","1.427889108657837","1.427889108657837","128526","128526","128526","1.540548324584961","1.540548324584961","1.540548324584961","","","","","",""
"36093","245368","245368","245368","1.4332702159881592","1.4332702159881592","1.4332702159881592","132420","132420","132420","1.5389662981033325","1.5389662981033325","1.5389662981033325","","","","","",""
"36187","249263","249263","249263","1.429777979850769","1.429777979850769","1.429777979850769","136315","136315","136315","1.5346022844314575","1.5346022844314575","1.5346022844314575","","","","","",""
"36281","253158","253158","253158","1.4328103065490723","1.4328103065490723","1.4328103065490723","140210","140210","140210","1.541765570640564","1.541765570640564","1.541765570640564","","","","","",""
"36374","257053","257053","257053","1.4283796548843384","1.4283796548843384","1.4283796548843384","144105","144105","144105","1.531025767326355","1.531025767326355","1.531025767326355","","","","","",""
"36468","260947","260947","260947","1.4288324117660522","1.4288324117660522","1.4288324117660522","147999","147999","147999","1.5356742143630981","1.5356742143630981","1.5356742143630981","","","","","",""
"36562","264842","264842","264842","1.4280496835708618","1.4280496835708618","1.4280496835708618","151894","151894","151894","1.5388673543930054","1.5388673543930054","1.5388673543930054","","","","","",""
"36656","268737","268737","268737","1.4244635105133057","1.4244635105133057","1.4244635105133057","155789","155789","155789","1.5389230251312256","1.5389230251312256","1.5389230251312256","","","","","",""
"36749","272632","272632","272632","1.4216878414154053","1.4216878414154053","1.4216878414154053","159684","159684","159684","1.5358290672302246","1.5358290672302246","1.5358290672302246","","","","","",""
"36843","276526","276526","276526","1.420011043548584","1.420011043548584","1.420011043548584","163578","163578","163578","1.5410670042037964","1.5410670042037964","1.5410670042037964","","","","","",""
"36937","280421","280421","280421","1.4245089292526245","1.4245089292526245","1.4245089292526245","167473","167473","167473","1.5353847742080688","1.5353847742080688","1.5353847742080688","","","","","",""
"37031","284316","284316","284316","1.4217859506607056","1.4217859506607056","1.4217859506607056","171368","171368","171368","1.5379079580307007","1.5379079580307007","1.5379079580307007","","","","","",""
"37124","288211","288211","288211","1.418688416481018","1.418688416481018","1.418688416481018","175263","175263","175263","1.5305110216140747","1.5305110216140747","1.5305110216140747","","","","","",""
"37218","292105","292105","292105","1.4205973148345947","1.4205973148345947","1.4205973148345947","179157","179157","179157","1.528726577758789","1.528726577758789","1.528726577758789","","","","","",""
"37312","296000","296000","296000","1.421144723892212","1.421144723892212","1.421144723892212","183052","183052","183052","1.5337637662887573","1.5337637662887573","1.5337637662887573","","","","","",""
"37406","299895","299895","299895","1.412629246711731","1.412629246711731","1.412629246711731","186947","186947","186947","1.5333852767944336","1.5333852767944336","1.5333852767944336","","","","","",""
"37499","303790","303790","303790","1.4152653217315674","1.4152653217315674","1.4152653217315674","190842","190842","190842","1.5271400213241577","1.5271400213241577","1.5271400213241577","","","","","",""
"37593","307684","307684","307684","1.4120091199874878","1.4120091199874878","1.4120091199874878","194736","194736","194736","1.5353869199752808","1.5353869199752808","1.5353869199752808","","","","","",""
"37687","311579","311579","311579","1.4146711826324463","1.4146711826324463","1.4146711826324463","198631","198631","198631","1.5312424898147583","1.5312424898147583","1.5312424898147583","","","","","",""
"37781","315474","315474","315474","1.4055993556976318","1.4055993556976318","1.4055993556976318","202526","202526","202526","1.5302143096923828","1.5302143096923828","1.5302143096923828","","","","","",""
"37874","319369","319369","319369","1.4105266332626343","1.4105266332626343","1.4105266332626343","206421","206421","206421","1.5272687673568726","1.5272687673568726","1.5272687673568726","","","","","",""
"37968","323263","323263","323263","1.4063364267349243","1.4063364267349243","1.4063364267349243","210315","210315","210315","1.5261452198028564","1.5261452198028564","1.5261452198028564","","","","","",""
"38062","327158","327158","327158","1.4065203666687012","1.4065203666687012","1.4065203666687012","214210","214210","214210","1.5274434089660645","1.5274434089660645","1.5274434089660645","","","","","",""
"38156","331053","331053","331053","1.409574270248413","1.409574270248413","1.409574270248413","218105","218105","218105","1.52649986743927","1.52649986743927","1.52649986743927","","","","","",""
"38249","334948","334948","334948","1.4052361249923706","1.4052361249923706","1.4052361249923706","222000","222000","222000","1.5299345254898071","1.5299345254898071","1.5299345254898071","","","","","",""
"38343","338842","338842","338842","1.4078881740570068","1.4078881740570068","1.4078881740570068","225894","225894","225894","1.5301165580749512","1.5301165580749512","1.5301165580749512","","","","","",""
"38437","342737","342737","342737","1.406974196434021","1.406974196434021","1.406974196434021","229789","229789","229789","1.5249179601669312","1.5249179601669312","1.5249179601669312","","","","","",""
"38531","346632","346632","346632","1.4122123718261719","1.4122123718261719","1.4122123718261719","233684","233684","233684","1.53006911277771","1.53006911277771","1.53006911277771","","","","","",""
"38624","350527","350527","350527","1.4029819965362549","1.4029819965362549","1.4029819965362549","237579","237579","237579","1.5268031358718872","1.5268031358718872","1.5268031358718872","","","","","",""
"38718","3893","3893","3893","1.406183123588562","1.406183123588562","1.406183123588562","241473","241473","241473","1.523439884185791","1.523439884185791","1.523439884185791","","","","","",""
"38812","7788","7788","7788","1.4040147066116333","1.4040147066116333","1.4040147066116333","245368","245368","245368","1.5232752561569214","1.5232752561569214","1.5232752561569214","","","","","",""
"38906","11683","11683","11683","1.3963003158569336","1.3963003158569336","1.3963003158569336","249263","249263","249263","1.521946907043457","1.521946907043457","1.521946907043457","","","","","",""
"38999","15578","15578","15578","1.407007098197937","1.407007098197937","1.407007098197937","253158","253158","253158","1.5299335718154907","1.5299335718154907","1.5299335718154907","","","","","",""
"39093","19472","19472","19472","1.4047235250473022","1.4047235250473022","1.4047235250473022","257052","257052","257052","1.5218656063079834","1.5218656063079834","1.5218656063079834","","","","","",""
"39187","23367","23367","23367","1.3974844217300415","1.3974844217300415","1.3974844217300415","260947","260947","260947","1.524472713470459","1.524472713470459","1.524472713470459","","","","","",""
"39281","27262","27262","27262","1.3945071697235107","1.3945071697235107","1.3945071697235107","264842","264842","264842","1.5234628915786743","1.5234628915786743","1.5234628915786743","","","","","",""
"39374","31157","31157","31157","1.3986493349075317","1.3986493349075317","1.3986493349075317","","","","","","","","","","","",""
"39468","35051","35051","35051","1.4032095670700073","1.4032095670700073","1.4032095670700073","","","","","","","","","","","",""
"39562","38946","38946","38946","1.399143934249878","1.399143934249878","1.399143934249878","","","","","","","","","","","",""
"39656","42841","42841","42841","1.398850440979004","1.398850440979004","1.398850440979004","","","","","","","","","","","",""
"39749","46736","46736","46736","1.4005450010299683","1.4005450010299683","1.4005450010299683","","","","","","","","","","","",""
"39843","50630","50630","50630","1.392488956451416","1.392488956451416","1.392488956451416","","","","","","","","","","","",""
"39937","54525","54525","54525","1.4016932249069214","1.4016932249069214","1.4016932249069214","","","","","","","","","","","",""
"40031","58420","58420","58420","1.396210789680481","1.396210789680481","1.396210789680481","","","","","","","","","","","",""
"40124","62315","62315","62315","1.3904796838760376","1.3904796838760376","1.3904796838760376","","","","","","","","","","","",""
"40218","66209","66209","66209","1.3971116542816162","1.3971116542816162","1.3971116542816162","","","","","","","","","","","",""
"40312","70104","70104","70104","1.3914248943328857","1.3914248943328857","1.3914248943328857","","","","","","","","","","","",""
"40406","73999","73999","73999","1.388062834739685","1.388062834739685","1.388062834739685","","","","","","","","","","","",""
"40499","77894","77894","77894","1.3931291103363037","1.3931291103363037","1.3931291103363037","","","","","","","","","","","",""
"40593","81788","81788","81788","1.393707036972046","1.393707036972046","1.393707036972046","","","","","","","","","","","",""
"40687","85683","85683","85683","1.3920284509658813","1.3920284509658813","1.3920284509658813","","","","","","","","","","","",""
"40781","89578","89578","89578","1.392349123954773","1.392349123954773","1.392349123954773","","","","","","","","","","","",""
"40874","93473","93473","93473","1.3930878639221191","1.3930878639221191","1.3930878639221191","","","","","","","","","","","",""
"40968","97367","97367","97367","1.392431616783142","1.392431616783142","1.392431616783142","","","","","","","","","","","",""
"41062","101262","101262","101262","1.390084981918335","1.390084981918335","1.390084981918335","","","","","","","","","","","",""
"41156","105157","105157","105157","1.3896222114562988","1.3896222114562988","1.3896222114562988","","","","","","","","","","","",""
"41249","109052","109052","109052","1.3883517980575562","1.3883517980575562","1.3883517980575562","","","","","","","","","","","",""
"41343","112946","112946","112946","1.3904765844345093","1.3904765844345093","1.3904765844345093","","","","","","","","","","","",""
"41437","116841","116841","116841","1.3906792402267456","1.3906792402267456","1.3906792402267456","","","","","","","","","","","",""
"41531","120736","120736","120736","1.3881685733795166","1.3881685733795166","1.3881685733795166","","","","","","","","","","","",""
"41624","124631","124631","124631","1.3940047025680542","1.3940047025680542","1.3940047025680542","","","","","","","","","","","",""
"41718","128525","128525","128525","1.3835492134094238","1.3835492134094238","1.3835492134094238","","","","","","","","","","","",""
"41812","132420","132420","132420","1.3852813243865967","1.3852813243865967","1.3852813243865967","","","","","","","","","","","",""
"41906","136315","136315","136315","1.3804658651351929","1.3804658651351929","1.3804658651351929","","","","","","","","","","","",""
"41999","140210","140210","140210","1.3898481130599976","1.3898481130599976","1.3898481130599976","","","","","","","","","","","",""
"42093","144104","144104","144104","1.3906456232070923","1.3906456232070923","1.3906456232070923","","","","","","","","","","","",""
"42187","147999","147999","147999","1.3826930522918701","1.3826930522918701","1.3826930522918701","","","","","","","","","","","",""
"42281","151894","151894","151894","1.3862929344177246","1.3862929344177246","1.3862929344177246","","","","","","","","","","","",""
"42374","155789","155789","155789","1.3868091106414795","1.3868091106414795","1.3868091106414795","","","","","","","","","","","",""
"42468","159683","159683","159683","1.3887470960617065","1.3887470960617065","1.3887470960617065","","","","","","","","","","","",""
"42562","163578","163578","163578","1.376417636871338","1.376417636871338","1.376417636871338","","","","","","","","","","","",""
"42656","167473","167473","167473","1.3781099319458008","1.3781099319458008","1.3781099319458008","","","","","","","","","","","",""
"42749","171368","171368","171368","1.3884984254837036","1.3884984254837036","1.3884984254837036","","","","","","","","","","","",""
"42843","175262","175262","175262","1.3798093795776367","1.3798093795776367","1.3798093795776367","","","","","","","","","","","",""
"42937","179157","179157","179157","1.3723182678222656","1.3723182678222656","1.3723182678222656","","","","","","","","","","","",""
"43031","183052","183052","183052","1.3819611072540283","1.3819611072540283","1.3819611072540283","","","","","","","","","","","",""
"43124","186947","186947","186947","1.3784942626953125","1.3784942626953125","1.3784942626953125","","","","","","","","","","","",""
"43218","190841","190841","190841","1.3835467100143433","1.3835467100143433","1.3835467100143433","","","","","","","","","","","",""
"43312","194736","194736","194736","1.3849278688430786","1.3849278688430786","1.3849278688430786","","","","","","","","","","","",""
"43406","198631","198631","198631","1.3788836002349854","1.3788836002349854","1.3788836002349854","","","","","","","","","","","",""